{
  "phases": {
    "baseline_wall_start": 1776916478.5307596,
    "baseline_wall_end": 1776916487.0122597,
    "baseline": {
      "graph_degree": 64,
      "build_s": 8.1181,
      "search_mean_s": 0.0371,
      "search_std_s": 0.0001
    },
    "optimized_wall_start": 1776916490.013016,
    "optimized_wall_end": 1776916494.5536838,
    "optimized": {
      "graph_degree": 32,
      "build_s": 4.4362,
      "search_mean_s": 0.0173,
      "search_std_s": 0.0001
    }
  }
}